ID,UserID,Shipping_Address,Date_time
1,242,2854 Heath Point,2020/1/1 15:36:19
2,48,73401 Cardinal Park,2020/1/2 3:40:35
3,237,54 Buhler Lane,2020/1/2 7:31:36
4,31,80 Huxley Crossing,2020/1/2 12:09:14
5,288,98861 Oak Crossing,2020/1/2 17:05:27
6,279,32 Fulton Parkway,2020/1/2 21:11:39
7,75,2085 7th Pass,2020/1/3 1:36:07
8,193,1 Blackbird Way,2020/1/3 9:41:16
9,157,00293 Becker Plaza,2020/1/3 10:46:28
10,229,13933 Upham Center,2020/1/3 10:58:01
11,14,615 Armistice Street,2020/1/5 6:08:10
12,149,78 Division Park,2020/1/5 21:39:44
13,251,28 Sommers Circle,2020/1/7 5:29:31
14,14,70603 Mesta Way,2020/1/8 5:54:49
15,8,42 Dayton Center,2020/1/10 1:32:30
16,143,04360 Anhalt Crossing,2020/1/10 13:24:40
17,78,80 Manley Street,2020/1/10 14:00:34
18,87,04 Cordelia Junction,2020/1/10 23:24:33
19,196,812 Oak Center,2020/1/11 11:07:53
20,279,2 Oak Court,2020/1/13 13:17:49
21,215,1 Ridge Oak Trail,2020/1/13 20:12:55
22,79,546 Milwaukee Lane,2020/1/14 0:44:01
23,49,8658 Messerschmidt Circle,2020/1/14 2:47:15
24,289,76 Granby Way,2020/1/14 6:27:12
25,280,8301 Westerfield Alley,2020/1/14 11:30:19
26,210,63 Crownhardt Lane,2020/1/14 12:56:19
27,249,1 Fuller Center,2020/1/15 22:09:53
28,154,343 Schiller Avenue,2020/1/17 0:58:56
29,2,389 Westend Center,2020/1/18 20:19:52
30,77,752 Di Loreto Plaza,2020/1/20 1:44:16
31,211,7833 Grover Trail,2020/1/22 3:56:47
32,122,40 Calypso Center,2020/1/22 6:39:56
33,9,9 Milwaukee Street,2020/1/23 12:50:02
34,68,52926 Grover Point,2020/1/27 19:40:41
35,171,66644 Little Fleur Parkway,2020/1/27 23:16:25
36,258,88842 Mockingbird Parkway,2020/1/29 20:22:27
37,122,4 Ruskin Point,2020/1/30 3:06:47
38,199,620 Bunker Hill Place,2020/1/30 16:54:36
39,270,8 Brown Junction,2020/2/1 12:27:46
40,159,531 Burning Wood Junction,2020/2/1 18:31:52
41,248,4265 Golf View Pass,2020/2/1 18:42:19
42,1,11 Hollow Ridge Crossing,2020/2/3 7:48:00
43,79,2483 South Avenue,2020/2/3 19:45:13
44,16,17 Pond Road,2020/2/5 10:28:47
45,176,171 Hayes Junction,2020/2/5 10:53:35
46,228,4 Summer Ridge Lane,2020/2/5 18:07:44
47,159,1402 Buhler Hill,2020/2/5 18:55:48
48,178,7 Oakridge Park,2020/2/6 11:05:35
49,80,891 Lerdahl Plaza,2020/2/7 23:47:41
50,158,35027 Valley Edge Trail,2020/2/9 7:57:07
51,283,75280 International Terrace,2020/2/9 9:34:36
52,261,65 Heffernan Way,2020/2/10 6:10:47
53,299,6453 Express Center,2020/2/10 16:17:42
54,239,29402 Tomscot Crossing,2020/2/11 0:41:54
55,44,2 Oneill Alley,2020/2/11 11:51:07
56,247,682 Carberry Parkway,2020/2/11 13:54:28
57,279,74 Killdeer Parkway,2020/2/11 18:17:51
58,189,6822 Lillian Alley,2020/2/12 9:25:24
59,34,9979 Garrison Park,2020/2/12 22:43:54
60,43,3125 Green Ridge Trail,2020/2/13 3:11:44
61,272,279 Transport Drive,2020/2/13 16:54:08
62,129,9366 Oak Valley Lane,2020/2/14 4:06:40
63,18,444 Fairview Plaza,2020/2/14 17:31:59
64,89,86235 4th Terrace,2020/2/14 23:43:32
65,289,8 Londonderry Center,2020/2/15 11:35:25
66,230,4888 Butterfield Terrace,2020/2/17 7:55:54
67,200,2 Delaware Street,2020/2/21 5:41:39
68,183,54767 Troy Lane,2020/2/21 16:02:46
69,147,3 Sycamore Place,2020/2/22 1:54:22
70,187,19 Farwell Point,2020/2/22 3:42:02
71,184,6 Saint Paul Drive,2020/2/23 22:21:21
72,174,90 Hanson Point,2020/2/24 4:38:19
73,300,96 Hudson Terrace,2020/2/24 10:07:56
74,203,53 Green Terrace,2020/2/24 21:44:08
75,259,4 Del Mar Terrace,2020/2/25 20:44:12
76,187,599 Heffernan Circle,2020/2/26 0:57:48
77,178,1 Continental Pass,2020/2/26 2:40:45
78,160,38 Hermina Way,2020/2/26 19:08:31
79,268,13 Memorial Alley,2020/2/27 9:35:16
80,296,2585 Kropf Way,2020/2/27 12:15:12
81,222,45 Corry Plaza,2020/2/27 17:59:41
82,211,9525 Banding Point,2020/2/29 0:02:19
83,8,40 Columbus Point,2020/2/29 7:34:54
84,124,36 Ludington Trail,2020/2/29 9:52:43
85,45,880 Hazelcrest Circle,2020/3/2 8:32:21
86,36,15 Maryland Junction,2020/3/2 21:41:07
87,189,2 Waxwing Park,2020/3/3 0:07:10
88,80,733 Brentwood Junction,2020/3/4 7:46:39
89,149,504 Vernon Avenue,2020/3/5 7:21:37
90,28,508 Northridge Place,2020/3/5 9:47:03
91,182,8591 Bluestem Avenue,2020/3/6 3:48:44
92,158,39 Manitowish Terrace,2020/3/7 1:23:19
93,103,23 Shelley Street,2020/3/8 8:32:17
94,283,17 Donald Place,2020/3/9 20:22:14
95,91,22967 Maple Wood Way,2020/3/11 16:39:23
96,104,5030 Monument Crossing,2020/3/12 4:14:05
97,41,2 Anthes Avenue,2020/3/12 11:35:39
98,37,6980 Hallows Way,2020/3/13 16:40:04
99,189,97 Becker Plaza,2020/3/14 4:32:48
100,57,0013 Buhler Trail,2020/3/14 5:07:46
101,190,35924 Warner Circle,2020/3/14 18:54:13
102,257,78295 Springs Court,2020/3/15 20:06:32
103,282,7 Ridge Oak Center,2020/3/15 22:24:37
104,90,4158 Ramsey Crossing,2020/3/16 7:53:10
105,14,1032 Lerdahl Alley,2020/3/16 17:00:24
106,263,4833 Stang Junction,2020/3/17 9:26:24
107,215,59345 Haas Hill,2020/3/17 12:26:52
108,61,0 Lukken Place,2020/3/17 17:28:40
109,29,0196 Cottonwood Lane,2020/3/19 0:33:07
110,244,31 Riverside Trail,2020/3/19 1:06:19
111,262,84723 Warner Parkway,2020/3/19 4:31:24
112,242,0 Jenifer Way,2020/3/21 10:24:20
113,23,22 Oakridge Parkway,2020/3/21 17:19:28
114,138,81941 Pierstorff Hill,2020/3/21 19:09:07
115,102,4 Rigney Hill,2020/3/21 22:00:14
116,164,1988 Vernon Court,2020/3/22 2:59:35
117,214,6755 Dapin Junction,2020/3/22 3:26:27
118,188,65 Del Mar Hill,2020/3/22 15:13:21
119,88,3480 Hallows Way,2020/3/22 20:06:32
120,187,625 Burrows Crossing,2020/3/24 2:55:11
121,23,50 Hallows Avenue,2020/3/24 9:16:36
122,6,804 Kropf Circle,2020/3/24 22:33:37
123,236,890 Dayton Parkway,2020/3/24 23:14:25
124,87,85 Golden Leaf Lane,2020/3/25 2:26:47
125,168,3519 Gateway Alley,2020/3/27 23:36:15
126,168,9 Cody Hill,2020/3/28 8:29:54
127,218,4 Heffernan Trail,2020/3/28 18:19:08
128,247,71437 Fordem Alley,2020/4/2 17:45:05
129,110,6988 1st Plaza,2020/4/2 21:36:38
130,80,565 Toban Park,2020/4/3 9:06:31
131,41,65916 Lukken Pass,2020/4/3 22:09:27
132,238,7 Macpherson Court,2020/4/4 7:38:28
133,96,1831 Johnson Road,2020/4/6 5:41:53
134,278,794 Rutledge Alley,2020/4/6 21:19:22
135,116,103 Morning Hill,2020/4/7 7:43:53
136,283,320 Surrey Trail,2020/4/7 12:37:58
137,148,2 Tony Trail,2020/4/9 12:09:16
138,90,4 8th Trail,2020/4/9 17:01:23
139,74,09569 Iowa Trail,2020/4/9 18:22:53
140,167,1 Mccormick Circle,2020/4/9 19:01:27
141,78,3813 Mandrake Plaza,2020/4/10 0:56:17
142,208,3724 Vermont Point,2020/4/10 9:26:23
143,255,1165 Forest Dale Junction,2020/4/11 17:26:58
144,74,02 Eliot Trail,2020/4/12 11:21:57
145,100,08 Burning Wood Alley,2020/4/14 2:36:12
146,230,21 Namekagon Center,2020/4/14 4:44:07
147,264,76 Stuart Point,2020/4/14 11:44:26
148,141,5 Garrison Drive,2020/4/14 17:52:06
149,102,2105 Artisan Trail,2020/4/15 2:57:49
150,240,704 Northview Terrace,2020/4/17 12:24:46
151,282,7066 Mariners Cove Circle,2020/4/17 17:46:11
152,157,7 Harbort Way,2020/4/17 18:46:43
153,185,716 Sunbrook Road,2020/4/18 10:59:24
154,203,16080 Dakota Crossing,2020/4/18 11:49:07
155,30,7 Sachs Court,2020/4/18 18:51:30
156,281,20 Utah Park,2020/4/18 19:20:21
157,38,67 Delaware Terrace,2020/4/19 16:14:13
158,138,0591 Mayfield Lane,2020/4/19 22:17:00
159,231,73942 Helena Street,2020/4/20 12:46:41
160,158,221 Reinke Lane,2020/4/20 20:21:09
161,107,1 Towne Terrace,2020/4/22 18:17:22
162,57,94 Sycamore Alley,2020/4/23 10:08:46
163,206,17 Bashford Hill,2020/4/25 5:05:24
164,222,068 Independence Parkway,2020/4/25 9:10:02
165,113,878 Delaware Street,2020/4/25 9:52:24
166,266,93927 Spenser Park,2020/4/25 12:14:08
167,48,5 Atwood Lane,2020/4/30 17:50:39
168,262,1406 Alpine Lane,2020/5/2 13:01:33
169,244,61672 Arizona Hill,2020/5/3 9:46:34
170,118,7116 Debs Place,2020/5/4 20:08:40
171,284,89 Holy Cross Lane,2020/5/5 0:00:55
172,65,59 Prairieview Trail,2020/5/6 10:03:47
173,126,05608 Gina Court,2020/5/7 9:08:55
174,11,321 Schlimgen Crossing,2020/5/7 22:20:15
175,215,2 Heath Plaza,2020/5/8 22:11:55
176,146,60 Merchant Terrace,2020/5/8 23:42:46
177,68,6317 Pond Terrace,2020/5/9 17:20:47
178,71,725 Dryden Pass,2020/5/10 1:24:23
179,193,886 Walton Hill,2020/5/10 5:10:56
180,253,3411 Tony Point,2020/5/10 7:32:20
181,24,9291 Judy Hill,2020/5/10 17:54:54
182,33,80 Straubel Circle,2020/5/11 16:05:41
183,87,64 Artisan Junction,2020/5/11 17:50:57
184,24,13 Melby Street,2020/5/11 22:59:41
185,158,3987 Lake View Way,2020/5/12 17:50:15
186,258,569 Luster Terrace,2020/5/13 1:15:00
187,92,6668 Pierstorff Alley,2020/5/14 13:37:02
188,96,5757 Namekagon Parkway,2020/5/15 14:38:07
189,132,1645 Superior Lane,2020/5/16 15:28:24
190,157,5 Rutledge Avenue,2020/5/18 3:28:46
191,60,0 East Street,2020/5/18 7:53:00
192,87,03 Schurz Road,2020/5/18 22:08:32
193,147,14789 Schiller Plaza,2020/5/19 13:54:21
194,200,251 Walton Court,2020/5/20 0:49:54
195,56,79 Banding Lane,2020/5/20 3:11:24
196,17,68716 Sundown Hill,2020/5/20 21:32:57
197,185,2361 Crowley Road,2020/5/21 4:19:15
198,187,01959 Boyd Road,2020/5/21 14:00:06
199,271,9580 Westend Court,2020/5/22 6:49:20
200,190,83 Gerald Street,2020/5/22 8:53:07
201,2,62 Meadow Valley Circle,2020/5/23 11:42:11
202,129,236 Pine View Pass,2020/5/23 22:54:12
203,56,300 Straubel Hill,2020/5/24 9:05:22
204,85,5206 Claremont Hill,2020/5/24 12:24:32
205,201,27379 Jenifer Way,2020/5/24 16:11:02
206,293,664 American Park,2020/5/25 5:42:32
207,234,69598 Crowley Drive,2020/5/25 21:07:26
208,202,18 Morning Circle,2020/5/26 5:42:41
209,246,91 Gulseth Avenue,2020/5/26 7:09:28
210,52,2879 Stoughton Alley,2020/5/27 3:34:09
211,240,064 Pawling Trail,2020/5/27 13:50:04
212,183,597 Ridge Oak Parkway,2020/5/27 19:05:02
213,140,06 Mccormick Drive,2020/5/28 6:27:29
214,253,5306 Moland Hill,2020/5/28 10:07:02
215,6,813 Hudson Parkway,2020/5/28 17:31:21
216,239,50 Mockingbird Drive,2020/5/29 21:32:54
217,103,1 Farmco Hill,2020/5/30 4:10:45
218,89,7 Pepper Wood Center,2020/5/31 18:19:24
219,61,51 Doe Crossing Circle,2020/6/2 2:21:50
220,274,5614 Warbler Pass,2020/6/2 12:07:48
221,14,5765 Claremont Drive,2020/6/3 19:34:18
222,96,54 Debra Road,2020/6/4 6:17:46
223,147,8176 Nancy Road,2020/6/4 22:42:07
224,193,6 Rieder Crossing,2020/6/5 6:33:12
225,46,5 Kings Court,2020/6/6 2:28:48
226,2,70 Forest Trail,2020/6/6 8:47:16
227,46,4485 Norway Maple Plaza,2020/6/7 8:02:56
228,124,32 Roth Alley,2020/6/7 18:48:49
229,229,58 Muir Plaza,2020/6/10 5:00:43
230,88,881 Everett Terrace,2020/6/10 6:49:21
231,36,475 Waubesa Pass,2020/6/10 10:26:22
232,233,00 Dixon Hill,2020/6/10 20:55:59
233,210,6 Lakeland Junction,2020/6/11 16:14:19
234,183,518 Lukken Parkway,2020/6/11 16:42:40
235,68,6386 Algoma Junction,2020/6/12 2:19:46
236,134,20 Porter Avenue,2020/6/13 18:15:32
237,293,2 Randy Point,2020/6/14 10:21:12
238,188,155 Nobel Crossing,2020/6/15 4:36:09
239,237,00936 Hooker Junction,2020/6/15 11:44:56
240,40,129 Milwaukee Court,2020/6/15 15:32:16
241,136,315 Vidon Road,2020/6/16 18:07:17
242,126,53896 Briar Crest Street,2020/6/17 8:11:10
243,187,049 Scofield Pass,2020/6/17 10:42:24
244,110,07315 Pine View Road,2020/6/18 7:37:35
245,15,863 Loeprich Court,2020/6/18 16:48:58
246,43,0 Warrior Pass,2020/6/19 17:04:05
247,37,2 Ridge Oak Street,2020/6/20 15:48:14
248,270,95 Walton Alley,2020/6/21 14:43:46
249,43,6 Nelson Parkway,2020/6/21 15:04:38
250,107,307 Springview Pass,2020/6/22 0:00:13
251,246,20789 Straubel Point,2020/6/22 23:55:47
252,78,5 Mitchell Street,2020/6/23 8:43:46
253,184,7 Debs Trail,2020/6/24 6:07:31
254,80,0 Novick Circle,2020/6/24 7:56:40
255,185,86 Rutledge Trail,2020/6/24 9:50:50
256,171,9188 Fairfield Road,2020/6/25 16:07:20
257,194,544 Quincy Plaza,2020/6/27 8:11:58
258,22,20 Barby Pass,2020/6/27 13:04:48
259,212,660 Evergreen Court,2020/6/28 12:03:02
260,49,64633 Chive Park,2020/6/28 13:15:53
261,43,39 Nova Park,2020/6/28 20:45:17
262,44,80601 Boyd Terrace,2020/6/29 16:16:10
263,271,85 Vahlen Alley,2020/6/30 0:58:06
264,240,07508 Oak Trail,2020/6/30 2:41:44
265,141,94322 Scofield Street,2020/6/30 10:07:49
266,44,9 Muir Center,2020/6/30 13:18:55
267,205,3 Dakota Crossing,2020/6/30 20:02:18
268,230,86 Myrtle Lane,2020/7/1 19:32:12
269,209,9520 Karstens Drive,2020/7/2 5:42:47
270,11,9 Mallory Park,2020/7/2 8:02:05
271,5,903 Parkside Center,2020/7/2 13:23:39
272,166,1164 Fairfield Road,2020/7/3 0:37:49
273,114,15605 Corry Avenue,2020/7/4 17:59:35
274,215,90 Scofield Avenue,2020/7/4 20:25:59
275,263,6 Oak Hill,2020/7/4 23:30:29
276,298,58 Mendota Avenue,2020/7/5 2:57:34
277,115,679 Twin Pines Crossing,2020/7/7 7:57:45
278,11,23 Sutherland Court,2020/7/8 15:26:05
279,156,09719 Raven Place,2020/7/9 23:23:31
280,51,430 Kropf Crossing,2020/7/10 6:43:29
281,146,74404 Schmedeman Court,2020/7/10 7:54:11
282,121,6669 Ruskin Avenue,2020/7/10 8:19:38
283,28,1725 Riverside Junction,2020/7/10 11:31:08
284,225,37724 Continental Pass,2020/7/10 12:11:20
285,222,658 Johnson Avenue,2020/7/11 14:51:53
286,265,31 Ilene Avenue,2020/7/11 21:45:46
287,100,3 Stephen Road,2020/7/13 13:33:37
288,130,93 Clove Plaza,2020/7/13 17:58:00
289,155,16 Declaration Road,2020/7/13 23:22:05
290,70,26 Eastwood Place,2020/7/14 9:17:02
291,16,00366 Pearson Park,2020/7/14 12:27:33
292,278,2684 Corry Pass,2020/7/15 21:25:09
293,111,380 Dixon Center,2020/7/18 5:42:16
294,211,1202 Bashford Lane,2020/7/19 5:58:58
295,218,77 Butternut Hill,2020/7/19 7:09:55
296,141,3 Center Court,2020/7/21 21:37:18
297,45,50044 Kings Circle,2020/7/22 7:23:50
298,150,925 Maryland Junction,2020/7/22 12:43:48
299,299,01655 Duke Terrace,2020/7/24 14:25:39
300,99,3719 Meadow Ridge Plaza,2020/7/26 1:47:30
301,14,416 Manley Street,2020/7/27 5:08:31
302,42,6 Redwing Place,2020/7/27 14:48:12
303,139,4 Gerald Junction,2020/7/28 6:39:57
304,68,675 School Crossing,2020/7/29 21:50:19
305,257,49619 Lunder Place,2020/7/30 1:39:20
306,162,8075 Butterfield Center,2020/7/30 12:17:00
307,195,772 Nelson Plaza,2020/7/31 20:36:04
308,251,44200 Green Ridge Junction,2020/8/1 0:04:17
309,134,8956 Sycamore Avenue,2020/8/2 22:02:17
310,33,204 Columbus Alley,2020/8/3 6:26:53
311,123,3 Atwood Lane,2020/8/4 12:49:03
312,206,706 Helena Alley,2020/8/4 19:23:11
313,117,18 Maywood Avenue,2020/8/6 0:15:12
314,150,9 Charing Cross Center,2020/8/6 18:17:30
315,245,0428 Glacier Hill Junction,2020/8/7 7:18:27
316,280,19483 Cottonwood Place,2020/8/8 6:50:36
317,240,754 Rutledge Lane,2020/8/8 19:06:05
318,189,398 Brown Circle,2020/8/8 20:29:56
319,134,990 Hoard Avenue,2020/8/9 1:14:31
320,50,7 Debs Court,2020/8/10 1:13:48
321,35,372 Buena Vista Terrace,2020/8/10 19:05:12
322,24,500 Stone Corner Lane,2020/8/11 2:55:22
323,215,49 Gateway Trail,2020/8/11 12:38:34
324,222,393 Tomscot Court,2020/8/11 19:52:49
325,77,79791 Clyde Gallagher Alley,2020/8/12 11:42:57
326,230,185 Talmadge Way,2020/8/12 12:46:08
327,125,8046 Novick Pass,2020/8/13 6:05:06
328,148,6 Stephen Center,2020/8/14 2:18:29
329,57,611 Haas Plaza,2020/8/14 9:23:10
330,115,212 Maryland Drive,2020/8/16 7:26:42
331,167,66045 Tomscot Court,2020/8/17 22:38:45
332,65,27887 Pepper Wood Park,2020/8/18 13:01:57
333,198,87 Maple Wood Pass,2020/8/18 16:33:56
334,189,85057 Jenna Center,2020/8/20 10:37:27
335,73,409 Clyde Gallagher Drive,2020/8/21 5:21:08
336,239,4685 Victoria Pass,2020/8/21 19:04:17
337,171,3539 Esker Plaza,2020/8/21 23:31:48
338,76,83 Kropf Circle,2020/8/22 16:08:45
339,218,17 Pankratz Drive,2020/8/24 15:47:45
340,283,84713 Acker Center,2020/8/25 7:20:38
341,106,23432 Bunting Plaza,2020/8/26 16:16:27
342,167,8 Ronald Regan Road,2020/8/26 18:58:45
343,163,614 Grasskamp Point,2020/8/27 7:50:13
344,277,21337 Talisman Alley,2020/8/27 16:40:26
345,33,9 Glacier Hill Road,2020/8/28 7:37:40
346,124,06486 Huxley Parkway,2020/8/29 15:13:11
347,54,89784 Red Cloud Place,2020/8/29 18:15:41
348,94,7 Debra Avenue,2020/8/29 23:09:03
349,57,80620 Kingsford Plaza,2020/8/29 23:45:43
350,22,303 Lakeland Terrace,2020/9/1 6:36:56
351,248,73482 Summerview Way,2020/9/2 10:50:02
352,217,6 Roxbury Street,2020/9/2 11:47:03
353,38,38 Shasta Terrace,2020/9/3 16:37:12
354,234,13 Coleman Pass,2020/9/7 4:09:32
355,113,730 Blaine Avenue,2020/9/8 16:18:03
356,98,53 Lunder Plaza,2020/9/8 18:57:24
357,149,2881 Shoshone Trail,2020/9/10 7:28:09
358,50,9232 Bashford Trail,2020/9/10 8:17:09
359,176,9555 Lotheville Avenue,2020/9/11 6:19:59
360,10,2952 Kim Crossing,2020/9/11 9:49:43
361,286,03 Fisk Parkway,2020/9/13 6:05:25
362,255,21 Sachtjen Point,2020/9/15 14:19:16
363,83,0 American Ash Hill,2020/9/16 18:58:35
364,98,69618 Columbus Plaza,2020/9/16 20:24:35
365,282,90 Petterle Park,2020/9/21 5:38:55
366,68,6318 Manitowish Terrace,2020/9/21 15:28:33
367,51,92388 Heffernan Parkway,2020/9/21 20:02:28
368,213,7328 Golf Place,2020/9/23 16:56:03
369,244,0025 Ilene Lane,2020/9/25 7:39:20
370,229,8295 Katie Place,2020/9/26 14:31:50
371,168,1 Holmberg Plaza,2020/9/27 10:17:27
372,220,067 Center Junction,2020/9/29 2:17:31
373,83,87 Annamark Terrace,2020/9/29 8:11:55
374,244,42347 Northwestern Parkway,2020/9/29 13:54:58
375,89,9399 Fisk Terrace,2020/9/30 0:46:59
376,57,332 Vermont Avenue,2020/10/2 19:36:30
377,203,150 Kings Drive,2020/10/4 16:34:43
378,60,81432 Mesta Way,2020/10/5 1:12:49
379,27,1755 Valley Edge Lane,2020/10/6 11:05:36
380,12,70 Amoth Parkway,2020/10/6 21:50:52
381,138,4366 Harper Trail,2020/10/8 4:13:17
382,178,5599 Coolidge Road,2020/10/8 19:39:18
383,29,67228 Anderson Road,2020/10/9 10:39:54
384,258,315 Oak Valley Center,2020/10/9 12:10:39
385,77,35698 Granby Street,2020/10/9 23:06:45
386,232,5 Glacier Hill Lane,2020/10/10 13:03:04
387,234,51370 Mosinee Road,2020/10/10 13:27:15
388,109,542 Hudson Circle,2020/10/11 8:22:46
389,269,3869 Transport Parkway,2020/10/14 22:45:16
390,232,07 Rusk Court,2020/10/14 23:25:06
391,232,129 Forest Run Center,2020/10/15 5:16:14
392,183,2 Del Sol Terrace,2020/10/15 11:23:50
393,231,6 Schiller Trail,2020/10/17 14:46:34
394,277,34960 Stone Corner Road,2020/10/17 16:56:51
395,114,85 Schmedeman Circle,2020/10/18 0:16:45
396,129,195 Judy Court,2020/10/18 12:40:37
397,138,16 Browning Alley,2020/10/18 20:17:52
398,121,861 Shopko Hill,2020/10/19 22:38:00
399,124,92 Surrey Terrace,2020/10/20 23:40:37
400,7,395 Kingsford Junction,2020/10/21 20:59:44
